new_name,extended_offset,extended_byte_length,extended_duration_ms
Kick_01_(RF_96Hz).wav,5281026,66998,253.039
Kick_02_(RF_95Hz).wav,5348024,113438,428.549
Kick_03_(RF_85Hz).wav,5461462,91652,346.213
Kick_04_(RF_81Hz).wav,5553114,82940,313.288
Kick_05_(RF_79Hz).wav,5636054,70796,267.392
Kick_06_(RF_78Hz).wav,5706850,52298,197.483
Kick_07_(RF_76Hz).wav,5759148,57770,218.163
Kick_08_(RF_73Hz).wav,5816918,54032,204.036
Kick_09_(RF_72Hz).wav,5870950,79244,299.320
Kick_10_(RF_72Hz).wav,5950194,79232,299.274
Kick_11_(RF_69Hz).wav,6029426,45650,172.358
Kick_13_(RF_66Hz).wav,6075076,77444,292.517
Kick_14_(RF_66Hz).wav,6152520,63104,218.958
Kick_15_(RF_65Hz).wav,6215624,121292,421.000
Kick_16_(RF_64Hz).wav,6336916,86636,327.256
Kick_17_(RF_62Hz).wav,6423552,57848,218.458
Kick_18_(RF_57Hz).wav,6481400,67148,233.000
Kick_19_(RF_54Hz).wav,6548548,656108,2278.000
Kick_20_(RF_54Hz).wav,7204656,649484,2255.000
Kick_21_(RF_53Hz).wav,7854140,69206,261.383
Kick_22_(RF_52Hz).wav,7923346,184076,639.000
Kick_23_(RF_48Hz).wav,8107422,113432,428.526
Kick_24_(RF_42Hz).wav,8220854,120710,418.979
SnareClap_02_(SC_3824Hz).wav,8341564,119030,413.146
SnareClap_03_(SC_3478Hz).wav,8460594,54110,187.729
SnareClap_04_(SC_3381Hz).wav,8514704,44462,154.229
SnareClap_05_(SC_3344Hz).wav,8559166,85106,295.354
SnareClap_06_(SC_3291Hz).wav,8644272,138812,481.833
SnareClap_08_(SC_3052Hz).wav,8783084,74330,257.938
SnareClap_09_(SC_2833Hz).wav,8857414,106478,369.562
SnareClap_10_(SC_2614Hz).wav,8963892,71924,249.583
SnareClap_11_(SC_2598Hz).wav,9035816,108608,376.958
SnareClap_12_(SC_2367Hz).wav,9144424,67358,233.729
SnareClap_13_(SC_2106Hz).wav,9211782,118832,412.458
SnareClap_14_(SC_2078Hz).wav,9330614,76460,265.333
SnareClap_15_(SC_1834Hz).wav,9407074,65378,226.854
SnareClap_16_(SC_1652Hz).wav,9472452,105596,366.500
SnareClap_17_(SC_1422Hz).wav,9578048,186278,646.646
SnareClap_18_(SC_1394Hz).wav,9764326,85448,296.542
Tom_01_(RF_1053Hz).wav,9849774,166010,576.271
Tom_02_(RF_700Hz).wav,10015784,220868,766.750
Tom_03_(RF_360Hz).wav,10236652,212660,738.250
Tom_04_(RF_241Hz).wav,10449312,134294,466.146
Tom_05_(RF_222Hz).wav,10583606,333674,1158.438
Tom_06_(RF_221Hz).wav,10917280,159068,552.167
Tom_07_(RF_207Hz).wav,11076348,302954,1051.771
Tom_08_(RF_179Hz).wav,11379302,252764,877.500
Tom_09_(RF_171Hz).wav,11632066,177566,616.396
Tom_10_(RF_162Hz).wav,11809632,171920,596.792
Tom_11_(RF_125Hz).wav,11981552,107072,371.625
Tom_12_(RF_124Hz).wav,12088624,426836,1481.917
RimStick_01_(SC_7915Hz).wav,12515460,38348,133.000
RimStick_02_(SC_2854Hz).wav,12553808,37868,131.333
RimStick_03_(SC_2181Hz).wav,12591676,118376,410.875
RimStick_04_(SC_1916Hz).wav,12710052,68282,236.938
RimStick_05_(SC_1834Hz).wav,12778334,83558,289.979
RimStick_07_(SC_1115Hz).wav,12861892,75590,262.312
HiHat_01_(SC_12679Hz).wav,12937482,72080,250.125
HiHat_03_(SC_11143Hz).wav,13009562,84794,294.271
HiHat_04_(SC_10378Hz).wav,13094356,231170,802.521
HiHat_05_(SC_8882Hz).wav,13325526,923840,3207.625
Cymbal_01_(SC_8249Hz).wav,14249366,427874,1485.521
Cymbal_02_(SC_7607Hz).wav,14677240,1124168,3903.208
Cymbal_03_(SC_7513Hz).wav,15801408,293012,1017.250
Cymbal_04_(SC_7272Hz).wav,16094420,668732,2321.833
Cymbal_05_(SC_6674Hz).wav,16763152,580040,2013.875
Cymbal_06_(SC_5188Hz).wav,17343192,391976,1360.875
Cymbal_07_(SC_5183Hz).wav,17735168,1499678,5207.062
Cymbal_08_(SC_4986Hz).wav,19234846,1009400,3504.708
Cymbal_09_(SC_4971Hz).wav,20244246,937352,3254.542
Percussion_01_(SC_4750Hz).wav,21181598,208100,722.417
Percussion_03_(SC_4055Hz).wav,21389698,57422,199.229
Percussion_04_(SC_3497Hz).wav,21447120,298016,1034.625
Percussion_05_(SC_3489Hz).wav,21745136,169388,588.000
Percussion_06_(SC_2970Hz).wav,21914524,193862,672.979
Percussion_10_(SC_2498Hz).wav,22108386,297326,1032.229
Percussion_12_(SC_2262Hz).wav,22405712,116906,405.771
Percussion_14_(SC_2016Hz).wav,22522618,129584,449.792
Percussion_15_(SC_1949Hz).wav,22652202,85226,295.771
Percussion_16_(SC_1883Hz).wav,22737428,53252,184.750
Percussion_19_(SC_1830Hz).wav,22790680,51932,196.100
Percussion_21_(SC_1689Hz).wav,22842612,121538,421.854
Percussion_25_(SC_1047Hz).wav,22964150,63722,221.104
Percussion_27_(SC_968Hz).wav,23027872,40826,154.127
Percussion_28_(SC_954Hz).wav,23068698,78422,272.146
Percussion_30_(SC_723Hz).wav,23147120,64574,243.878
Percussion_31_(SC_664Hz).wav,23211694,176114,665.420
Percussion_32_(SC_617Hz).wav,23387808,140756,531.791
Percussion_33_(SC_580Hz).wav,23528564,63170,238.571
Percussion_34_(SC_535Hz).wav,23591734,106568,402.585
Percussion_35_(SC_523Hz).wav,23698302,53816,203.220
Percussion_36_(SC_520Hz).wav,23752118,94676,357.642
Percussion_37_(SC_514Hz).wav,23846794,145382,549.274
Percussion_38_(SC_513Hz).wav,23992176,57662,217.755
Percussion_39_(SC_492Hz).wav,24049838,106640,402.857
Percussion_40_(SC_483Hz).wav,24156478,55136,208.209
Percussion_41_(SC_482Hz).wav,24211614,60788,229.569
Percussion_42_(SC_462Hz).wav,24272402,86636,327.256
Percussion_43_(SC_447Hz).wav,24359038,40058,151.224
Percussion_44_(SC_436Hz).wav,24399096,110690,418.163
Percussion_45_(SC_428Hz).wav,24509786,105380,398.095
Percussion_46_(SC_427Hz).wav,24615166,64172,242.358
Percussion_47_(SC_415Hz).wav,24679338,133226,503.333
Percussion_48_(SC_411Hz).wav,24812564,58646,221.474
Percussion_49_(SC_399Hz).wav,24871210,62084,234.467
Percussion_50_(SC_390Hz).wav,24933294,63722,240.658
Percussion_51_(SC_374Hz).wav,24997016,153260,579.048
Percussion_52_(SC_364Hz).wav,25150276,62972,237.823
Percussion_53_(SC_357Hz).wav,25213248,170042,642.472
Percussion_54_(SC_353Hz).wav,25383290,161636,610.703
Percussion_55_(SC_353Hz).wav,25544926,122780,463.855
Percussion_56_(SC_334Hz).wav,25667706,93326,352.540
Percussion_57_(SC_328Hz).wav,25761032,112178,423.787
Percussion_58_(SC_323Hz).wav,25873210,146042,551.769
Percussion_59_(SC_308Hz).wav,26019252,131000,494.921
Percussion_60_(SC_246Hz).wav,26150252,55004,207.710
Percussion_61_(SC_236Hz).wav,26205256,37136,140.181
Percussion_62_(SC_200Hz).wav,26242392,69944,264.172
Percussion_63_(SC_192Hz).wav,26312336,73394,277.211
Percussion_64_(SC_176Hz).wav,26385730,175910,664.649
Percussion_65_(SC_175Hz).wav,26561640,203780,769.977
Percussion_66_(SC_171Hz).wav,26765420,136634,516.213
Percussion_67_(SC_169Hz).wav,26902054,110396,417.052
Percussion_68_(SC_150Hz).wav,27012450,126770,478.934
Percussion_69_(SC_100Hz).wav,27139220,112364,424.490
Percussion_70_(SC_67Hz).wav,27251584,48620,183.583
Percussion_71_(SC_61Hz).wav,27300204,137330,518.844
Percussion_72_(SC_57Hz).wav,27437534,136322,515.034
Percussion_73_(SC_51Hz).wav,27573856,84302,318.435
Percussion_74_(SC_50Hz).wav,27658158,84866,320.567
Percussion_75_(SC_43Hz).wav,27743024,137834,520.748
Percussion_76_(SC_41Hz).wav,27880858,80474,303.968
