original_name,new_name,category,metric,frequency_hz,original_duration_ms,leading_trim_ms,natural_end_ms,final_duration_ms,forced_130ms,fade_ms,sample_rate,frames,byte_length
02.Doom Pulse 9.wav,Kick_01_(RF_96Hz).wav,Kick,RF,96,428.571,0.000,251.429,130.000,1,1.0,44100,5733,34442
01.Annihilator 5.wav,Kick_02_(RF_95Hz).wav,Kick,RF,95,428.571,0.000,428.571,130.000,1,1.0,44100,5733,34442
01.Annihilator 6.wav,Kick_03_(RF_85Hz).wav,Kick,RF,85,428.571,0.000,348.209,130.000,1,1.0,44100,5733,34442
02.Doom Pulse 3.wav,Kick_04_(RF_81Hz).wav,Kick,RF,81,428.571,0.000,311.293,130.000,1,1.0,44100,5733,34442
01.Annihilator 1.wav,Kick_05_(RF_79Hz).wav,Kick,RF,79,428.571,0.000,265.397,130.000,1,1.0,44100,5733,34442
01.Annihilator 3.wav,Kick_06_(RF_78Hz).wav,Kick,RF,78,428.571,0.000,195.556,130.000,1,1.0,44100,5733,34442
01.Annihilator 4.wav,Kick_07_(RF_76Hz).wav,Kick,RF,76,428.571,0.000,216.508,130.000,1,1.0,44100,5733,34442
01.Annihilator 8.wav,Kick_08_(RF_73Hz).wav,Kick,RF,73,428.571,0.000,203.537,130.000,1,1.0,44100,5733,34442
01.Annihilator 7.wav,Kick_09_(RF_72Hz).wav,Kick,RF,72,428.571,0.000,297.324,130.000,1,1.0,44100,5733,34442
02.Doom Pulse 2.wav,Kick_10_(RF_72Hz).wav,Kick,RF,72,428.571,0.000,297.324,130.000,1,1.0,44100,5733,34442
02.Doom Pulse 1.wav,Kick_11_(RF_69Hz).wav,Kick,RF,69,428.571,0.000,171.610,130.000,1,1.0,44100,5733,34442
BD1.wav,Kick_12_(RF_67Hz).wav,Kick,RF,67,217.333,0.000,123.000,123.500,0,0.5,48000,5928,35612
01.Annihilator 2.wav,Kick_13_(RF_66Hz).wav,Kick,RF,66,428.571,0.000,293.333,130.000,1,1.0,44100,5733,34442
BD3.wav,Kick_14_(RF_66Hz).wav,Kick,RF,66,398.229,0.000,217.000,130.000,1,1.0,48000,6240,37484
BD4.wav,Kick_15_(RF_65Hz).wav,Kick,RF,65,504.167,4.854,419.000,130.000,1,1.0,48000,6240,37484
01.Annihilator 10.wav,Kick_16_(RF_64Hz).wav,Kick,RF,64,428.571,0.000,325.261,130.000,1,1.0,44100,5733,34442
02.Doom Pulse 10.wav,Kick_17_(RF_62Hz).wav,Kick,RF,62,428.571,0.000,216.508,130.000,1,1.0,44100,5733,34442
BD2.wav,Kick_18_(RF_57Hz).wav,Kick,RF,57,375.875,0.000,231.000,130.000,1,1.0,48000,6240,37484
808-1.wav,Kick_19_(RF_54Hz).wav,Kick,RF,54,2990.354,0.000,2280.000,130.000,1,1.0,48000,6240,37484
808-2.wav,Kick_20_(RF_54Hz).wav,Kick,RF,54,2906.896,0.000,2257.000,130.000,1,1.0,48000,6240,37484
01.Annihilator 9.wav,Kick_21_(RF_53Hz).wav,Kick,RF,53,428.571,0.000,259.410,130.000,1,1.0,44100,5733,34442
808-3.wav,Kick_22_(RF_52Hz).wav,Kick,RF,52,827.062,0.000,641.000,130.000,1,1.0,48000,6240,37484
02.Doom Pulse 4.wav,Kick_23_(RF_48Hz).wav,Kick,RF,48,428.571,0.000,428.571,130.000,1,1.0,44100,5733,34442
BD5.wav,Kick_24_(RF_42Hz).wav,Kick,RF,42,568.583,0.000,418.000,130.000,1,1.0,48000,6240,37484
Snap 05.wav,SnareClap_01_(SC_3956Hz).wav,SnareClap,SC,3956,84.062,0.000,84.062,84.062,0,0.5,48000,4035,24254
SNARE5.wav,SnareClap_02_(SC_3824Hz).wav,SnareClap,SC,3824,717.833,0.000,413.000,130.000,1,1.0,48000,6240,37484
SNAP2.wav,SnareClap_03_(SC_3478Hz).wav,SnareClap,SC,3478,1006.375,0.000,189.000,130.000,1,1.0,48000,6240,37484
Snap 03.wav,SnareClap_04_(SC_3381Hz).wav,SnareClap,SC,3381,154.250,0.000,154.250,130.000,1,1.0,48000,6240,37484
SNARE4.wav,SnareClap_05_(SC_3344Hz).wav,SnareClap,SC,3344,587.667,0.000,295.000,130.000,1,1.0,48000,6240,37484
SNARE7.wav,SnareClap_06_(SC_3291Hz).wav,SnareClap,SC,3291,1994.688,0.000,482.000,130.000,1,1.0,48000,6240,37484
Snap 04.wav,SnareClap_07_(SC_3104Hz).wav,SnareClap,SC,3104,89.979,0.000,89.979,89.979,0,0.5,48000,4319,25958
CLAP2.wav,SnareClap_08_(SC_3052Hz).wav,SnareClap,SC,3052,546.562,0.000,256.000,130.000,1,1.0,48000,6240,37484
CLAP6.wav,SnareClap_09_(SC_2833Hz).wav,SnareClap,SC,2833,879.021,0.000,370.000,130.000,1,1.0,48000,6240,37484
SNAP3.wav,SnareClap_10_(SC_2614Hz).wav,SnareClap,SC,2614,959.625,0.000,251.000,130.000,1,1.0,48000,6240,37484
SNAP4.wav,SnareClap_11_(SC_2598Hz).wav,SnareClap,SC,2598,975.958,0.000,378.000,130.000,1,1.0,48000,6240,37484
SNAP1.wav,SnareClap_12_(SC_2367Hz).wav,SnareClap,SC,2367,665.521,0.000,234.000,130.000,1,1.0,48000,6240,37484
CLAP5.wav,SnareClap_13_(SC_2106Hz).wav,SnareClap,SC,2106,631.958,0.000,412.000,130.000,1,1.0,48000,6240,37484
CLAP7.wav,SnareClap_14_(SC_2078Hz).wav,SnareClap,SC,2078,917.979,0.000,265.000,130.000,1,1.0,48000,6240,37484
CLAP1.wav,SnareClap_15_(SC_1834Hz).wav,SnareClap,SC,1834,227.812,0.000,227.812,130.000,1,1.0,48000,6240,37484
CLAP3.wav,SnareClap_16_(SC_1652Hz).wav,SnareClap,SC,1652,810.188,0.000,366.000,130.000,1,1.0,48000,6240,37484
SNARE6.wav,SnareClap_17_(SC_1422Hz).wav,SnareClap,SC,1422,1316.000,0.000,645.000,130.000,1,1.0,48000,6240,37484
CLAP4.wav,SnareClap_18_(SC_1394Hz).wav,SnareClap,SC,1394,535.083,0.000,296.000,130.000,1,1.0,48000,6240,37484
RnT_Timbale-04.wav,Tom_01_(RF_1053Hz).wav,Tom,RF,1053,954.729,0.000,578.000,130.000,1,1.0,48000,6240,37484
RnT_Timbale-03.wav,Tom_02_(RF_700Hz).wav,Tom,RF,700,1951.833,0.000,768.000,130.000,1,1.0,48000,6240,37484
RnT_Timbale-06.wav,Tom_03_(RF_360Hz).wav,Tom,RF,360,1896.562,0.000,737.000,130.000,1,1.0,48000,6240,37484
RnT_Timbale-01.wav,Tom_04_(RF_241Hz).wav,Tom,RF,241,1161.500,0.000,466.000,130.000,1,1.0,48000,6240,37484
TOM4.wav,Tom_05_(RF_222Hz).wav,Tom,RF,222,2033.708,0.000,1158.000,130.000,1,1.0,48000,6240,37484
TOM6.wav,Tom_06_(RF_221Hz).wav,Tom,RF,221,554.167,0.000,554.167,130.000,1,1.0,48000,6240,37484
TOM2.wav,Tom_07_(RF_207Hz).wav,Tom,RF,207,2198.229,0.000,1053.000,130.000,1,1.0,48000,6240,37484
TOM3.wav,Tom_08_(RF_179Hz).wav,Tom,RF,179,1690.292,0.000,877.000,130.000,1,1.0,48000,6240,37484
RnT_Timbale-02.wav,Tom_09_(RF_171Hz).wav,Tom,RF,171,1269.479,0.000,616.000,130.000,1,1.0,48000,6240,37484
RnT_Timbale-05.wav,Tom_10_(RF_162Hz).wav,Tom,RF,162,868.938,0.000,595.000,130.000,1,1.0,48000,6240,37484
TOM5.wav,Tom_11_(RF_125Hz).wav,Tom,RF,125,805.188,0.000,370.000,130.000,1,1.0,48000,6240,37484
TOM1.wav,Tom_12_(RF_124Hz).wav,Tom,RF,124,2691.021,0.000,1480.000,130.000,1,1.0,48000,6240,37484
Rimshot 02.wav,RimStick_01_(SC_7915Hz).wav,RimStick,SC,7915,133.021,0.000,133.021,130.000,1,1.0,48000,6240,37484
Rimshot 22.wav,RimStick_02_(SC_2854Hz).wav,RimStick,SC,2854,131.354,0.000,131.354,130.000,1,1.0,48000,6240,37484
Rimshot 04.wav,RimStick_03_(SC_2181Hz).wav,RimStick,SC,2181,412.292,0.000,412.292,130.000,1,1.0,48000,6240,37484
Rimshot 36.wav,RimStick_04_(SC_1916Hz).wav,RimStick,SC,1916,365.542,0.000,236.000,130.000,1,1.0,48000,6240,37484
Rimshot 37.wav,RimStick_05_(SC_1834Hz).wav,RimStick,SC,1834,455.688,0.000,289.000,130.000,1,1.0,48000,6240,37484
Rimshot 25.wav,RimStick_06_(SC_1821Hz).wav,RimStick,SC,1821,167.750,0.000,92.000,91.750,0,0.5,48000,4404,26468
Rimshot 35.wav,RimStick_07_(SC_1115Hz).wav,RimStick,SC,1115,353.958,0.000,261.000,130.000,1,1.0,48000,6240,37484
Rimshot 18.wav,RimStick_08_(SC_262Hz).wav,RimStick,SC,262,185.812,0.000,111.000,111.125,0,0.0,48000,5334,32048
HH1.wav,HiHat_01_(SC_12679Hz).wav,HiHat,SC,12679,587.479,0.000,251.000,130.000,1,1.0,48000,6240,37484
HH5.wav,HiHat_02_(SC_11754Hz).wav,HiHat,SC,11754,248.396,0.000,110.000,109.979,0,0.5,48000,5279,31718
HH2.wav,HiHat_03_(SC_11143Hz).wav,HiHat,SC,11143,711.667,0.000,296.000,130.000,1,1.0,48000,6240,37484
HH6.wav,HiHat_04_(SC_10378Hz).wav,HiHat,SC,10378,1007.583,0.000,803.000,130.000,1,1.0,48000,6240,37484
HH3.wav,HiHat_05_(SC_8882Hz).wav,HiHat,SC,8882,3978.896,0.000,3206.000,130.000,1,1.0,48000,6240,37484
HH4.wav,HiHat_06_(SC_8725Hz).wav,HiHat,SC,8725,333.271,0.000,114.000,113.854,0,0.5,48000,5465,32834
RIDE2.wav,Cymbal_01_(SC_8249Hz).wav,Cymbal,SC,8249,1572.938,0.000,1487.000,130.000,1,1.0,48000,6240,37484
RIDE3.wav,Cymbal_02_(SC_7607Hz).wav,Cymbal,SC,7607,6002.083,0.000,3905.000,130.000,1,1.0,48000,6240,37484
RIDE5.wav,Cymbal_03_(SC_7513Hz).wav,Cymbal,SC,7513,1017.771,0.000,1017.771,130.000,1,1.0,48000,6240,37484
CRASH3.wav,Cymbal_04_(SC_7272Hz).wav,Cymbal,SC,7272,2755.188,0.000,2323.000,130.000,1,1.0,48000,6240,37484
CRASH4.wav,Cymbal_05_(SC_6674Hz).wav,Cymbal,SC,6674,4427.438,0.000,2012.000,130.000,1,1.0,48000,6240,37484
RIDE4.wav,Cymbal_06_(SC_5188Hz).wav,Cymbal,SC,5188,1628.833,0.000,1359.000,130.000,1,1.0,48000,6240,37484
CRASH1.wav,Cymbal_07_(SC_5183Hz).wav,Cymbal,SC,5183,6037.812,0.000,5209.000,130.000,1,1.0,48000,6240,37484
CRASH2.wav,Cymbal_08_(SC_4986Hz).wav,Cymbal,SC,4986,5719.812,0.000,3503.000,130.000,1,1.0,48000,6240,37484
RIDE1.wav,Cymbal_09_(SC_4971Hz).wav,Cymbal,SC,4971,4998.562,0.000,3253.000,130.000,1,1.0,48000,6240,37484
RnT_Agogo-01.wav,Percussion_01_(SC_4750Hz).wav,Percussion,SC,4750,1424.042,0.000,724.000,130.000,1,1.0,48000,6240,37484
RnT_Woodblock-03.wav,Percussion_02_(SC_4252Hz).wav,Percussion,SC,4252,379.375,0.000,48.000,47.583,0,0.5,48000,2284,13748
Clave 04.wav,Percussion_03_(SC_4055Hz).wav,Percussion,SC,4055,199.250,0.000,199.250,130.000,1,1.0,48000,6240,37484
RnT_Agogo-02.wav,Percussion_04_(SC_3497Hz).wav,Percussion,SC,3497,1911.562,0.000,1034.000,130.000,1,1.0,48000,6240,37484
RnT_Agogo-04.wav,Percussion_05_(SC_3489Hz).wav,Percussion,SC,3489,732.667,0.000,586.000,130.000,1,1.0,48000,6240,37484
RnT_Agogo-03.wav,Percussion_06_(SC_2970Hz).wav,Percussion,SC,2970,868.583,0.000,674.000,130.000,1,1.0,48000,6240,37484
RnT_Claves-04.wav,Percussion_07_(SC_2662Hz).wav,Percussion,SC,2662,161.833,0.000,56.000,55.667,0,0.5,48000,2672,16076
RnT_Cowbell-02.wav,Percussion_08_(SC_2598Hz).wav,Percussion,SC,2598,614.583,0.000,125.000,124.604,0,0.0,48000,5981,35930
RnT_Claves-05.wav,Percussion_09_(SC_2532Hz).wav,Percussion,SC,2532,146.229,0.000,40.000,39.583,0,0.5,48000,1900,11444
RnT_Cowbell-05.wav,Percussion_10_(SC_2498Hz).wav,Percussion,SC,2498,2654.812,0.000,1031.000,130.000,1,1.0,48000,6240,37484
RnT_Claves-01.wav,Percussion_11_(SC_2419Hz).wav,Percussion,SC,2419,217.542,0.000,102.000,101.729,0,0.5,48000,4883,29342
RnT_Cowbell-06.wav,Percussion_12_(SC_2262Hz).wav,Percussion,SC,2262,1219.812,0.000,405.000,130.000,1,1.0,48000,6240,37484
RnT_Claves-03.wav,Percussion_13_(SC_2158Hz).wav,Percussion,SC,2158,364.271,0.000,63.000,62.833,0,0.5,48000,3016,18140
RnT_Agogo-05.wav,Percussion_14_(SC_2016Hz).wav,Percussion,SC,2016,1373.167,0.000,450.000,130.000,1,1.0,48000,6240,37484
RnT_Cowbell-03.wav,Percussion_15_(SC_1949Hz).wav,Percussion,SC,1949,1550.188,0.000,294.000,130.000,1,1.0,48000,6240,37484
RnT_Agogo-06.wav,Percussion_16_(SC_1883Hz).wav,Percussion,SC,1883,998.396,0.000,183.000,130.000,1,1.0,48000,6240,37484
Clave 02.wav,Percussion_17_(SC_1860Hz).wav,Percussion,SC,1860,231.938,0.000,88.000,87.688,0,0.5,48000,4209,25298
Clave 01.wav,Percussion_18_(SC_1851Hz).wav,Percussion,SC,1851,237.458,0.479,86.000,86.292,0,0.5,48000,4142,24896
ForestPerc_ProcessB_Hit_01.wav,Percussion_19_(SC_1830Hz).wav,Percussion,SC,1830,2018.549,0.000,197.551,130.000,1,1.0,44100,5733,34442
RnT_Claves-02.wav,Percussion_20_(SC_1751Hz).wav,Percussion,SC,1751,370.333,0.000,81.000,81.354,0,0.5,48000,3905,23474
RnT_Agogo-07.wav,Percussion_21_(SC_1689Hz).wav,Percussion,SC,1689,1270.646,0.000,422.000,130.000,1,1.0,48000,6240,37484
Clave 03.wav,Percussion_22_(SC_1674Hz).wav,Percussion,SC,1674,223.917,0.000,79.000,79.438,0,0.5,48000,3813,22922
RnT_Woodblock-02.wav,Percussion_23_(SC_1529Hz).wav,Percussion,SC,1529,429.562,0.000,99.000,98.667,0,0.5,48000,4736,28460
RnT_Woodblock-01.wav,Percussion_24_(SC_1384Hz).wav,Percussion,SC,1384,428.667,0.000,99.000,98.500,0,0.5,48000,4728,28412
RnT_Cowbell-01.wav,Percussion_25_(SC_1047Hz).wav,Percussion,SC,1047,608.062,0.000,221.000,130.000,1,1.0,48000,6240,37484
taiko-normal-hitnormal.wav,Percussion_26_(SC_1026Hz).wav,Percussion,SC,1026,44.500,0.000,44.500,44.500,0,0.0,48000,2136,12860
ForestPerc_ProcessA_Hit_02.wav,Percussion_27_(SC_968Hz).wav,Percussion,SC,968,1311.202,0.000,153.651,130.000,1,1.0,44100,5733,34442
RnT_Cowbell-04.wav,Percussion_28_(SC_954Hz).wav,Percussion,SC,954,1104.938,0.000,271.000,130.000,1,1.0,48000,6240,37484
ForestPerc_ProcessE_Hit_03.wav,Percussion_29_(SC_855Hz).wav,Percussion,SC,855,854.580,0.000,116.735,116.893,0,0.5,44100,5155,30974
ForestPerc_ProcessA_Hit_06.wav,Percussion_30_(SC_723Hz).wav,Percussion,SC,723,1311.202,0.000,245.442,130.000,1,1.0,44100,5733,34442
ForestPerc_ProcessB_Hit_06.wav,Percussion_31_(SC_664Hz).wav,Percussion,SC,664,2018.549,0.000,663.492,130.000,1,1.0,44100,5733,34442
ForestPerc_ProcessD_Hit_01.wav,Percussion_32_(SC_617Hz).wav,Percussion,SC,617,1239.501,0.000,529.796,130.000,1,1.0,44100,5733,34442
ForestPerc_ProcessB_Hit_04.wav,Percussion_33_(SC_580Hz).wav,Percussion,SC,580,2018.549,0.000,240.454,130.000,1,1.0,44100,5733,34442
ForestPerc_ProcessF_Hit_04.wav,Percussion_34_(SC_535Hz).wav,Percussion,SC,535,1664.558,0.000,401.088,130.000,1,1.0,44100,5733,34442
ForestPerc_ProcessA_Hit_08.wav,Percussion_35_(SC_523Hz).wav,Percussion,SC,523,1311.202,0.000,202.540,130.000,1,1.0,44100,5733,34442
ForestPerc_ProcessF_Hit_06.wav,Percussion_36_(SC_520Hz).wav,Percussion,SC,520,1664.558,0.000,357.188,130.000,1,1.0,44100,5733,34442
ForestPerc_ProcessB_Hit_11.wav,Percussion_37_(SC_514Hz).wav,Percussion,SC,514,2018.549,0.000,548.753,130.000,1,1.0,44100,5733,34442
ForestPerc_ProcessA_Hit_11.wav,Percussion_38_(SC_513Hz).wav,Percussion,SC,513,1311.202,0.000,217.506,130.000,1,1.0,44100,5733,34442
ForestPerc_ProcessF_Hit_05.wav,Percussion_39_(SC_492Hz).wav,Percussion,SC,492,1664.558,0.000,401.088,130.000,1,1.0,44100,5733,34442
ForestPerc_ProcessA_Hit_09.wav,Percussion_40_(SC_483Hz).wav,Percussion,SC,483,1311.202,0.000,208.526,130.000,1,1.0,44100,5733,34442
ForestPerc_ProcessA_Hit_12.wav,Percussion_41_(SC_482Hz).wav,Percussion,SC,482,1311.202,0.000,231.474,130.000,1,1.0,44100,5733,34442
ForestPerc_ProcessA_Hit_04.wav,Percussion_42_(SC_462Hz).wav,Percussion,SC,462,1311.202,0.000,329.252,130.000,1,1.0,44100,5733,34442
ForestPerc_ProcessA_Hit_13.wav,Percussion_43_(SC_447Hz).wav,Percussion,SC,447,1311.202,0.000,152.653,130.000,1,1.0,44100,5733,34442
ForestPerc_ProcessF_Hit_02.wav,Percussion_44_(SC_436Hz).wav,Percussion,SC,436,1664.558,0.000,418.050,130.000,1,1.0,44100,5733,34442
ForestPerc_ProcessF_Hit_08.wav,Percussion_45_(SC_428Hz).wav,Percussion,SC,428,1664.558,0.000,396.100,130.000,1,1.0,44100,5733,34442
ForestPerc_ProcessA_Hit_05.wav,Percussion_46_(SC_427Hz).wav,Percussion,SC,427,1311.202,0.000,240.454,130.000,1,1.0,44100,5733,34442
ForestPerc_ProcessB_Hit_08.wav,Percussion_47_(SC_415Hz).wav,Percussion,SC,415,2018.549,0.000,501.859,130.000,1,1.0,44100,5733,34442
ForestPerc_ProcessD_Hit_03.wav,Percussion_48_(SC_411Hz).wav,Percussion,SC,411,1239.501,0.000,219.501,130.000,1,1.0,44100,5733,34442
ForestPerc_ProcessD_Hit_04.wav,Percussion_49_(SC_399Hz).wav,Percussion,SC,399,1239.501,0.000,236.463,130.000,1,1.0,44100,5733,34442
ForestPerc_ProcessA_Hit_10.wav,Percussion_50_(SC_390Hz).wav,Percussion,SC,390,1311.202,0.000,240.454,130.000,1,1.0,44100,5733,34442
ForestPerc_ProcessB_Hit_10.wav,Percussion_51_(SC_374Hz).wav,Percussion,SC,374,2018.549,0.000,579.683,130.000,1,1.0,44100,5733,34442
ForestPerc_ProcessE_Hit_01.wav,Percussion_52_(SC_364Hz).wav,Percussion,SC,364,854.580,0.000,236.463,130.000,1,1.0,44100,5733,34442
ForestPerc_ProcessB_Hit_02.wav,Percussion_53_(SC_357Hz).wav,Percussion,SC,357,2018.549,0.000,641.542,130.000,1,1.0,44100,5733,34442
ForestPerc_ProcessB_Hit_07.wav,Percussion_54_(SC_353Hz).wav,Percussion,SC,353,2018.549,0.000,612.608,130.000,1,1.0,44100,5733,34442
ForestPerc_ProcessB_Hit_03.wav,Percussion_55_(SC_353Hz).wav,Percussion,SC,353,2018.549,0.000,461.950,130.000,1,1.0,44100,5733,34442
ForestPerc_ProcessB_Hit_05.wav,Percussion_56_(SC_334Hz).wav,Percussion,SC,334,2018.549,0.000,353.197,130.000,1,1.0,44100,5733,34442
ForestPerc_ProcessF_Hit_03.wav,Percussion_57_(SC_328Hz).wav,Percussion,SC,328,1664.558,0.000,422.041,130.000,1,1.0,44100,5733,34442
ForestPerc_ProcessB_Hit_09.wav,Percussion_58_(SC_323Hz).wav,Percussion,SC,323,2018.549,0.000,553.741,130.000,1,1.0,44100,5733,34442
ForestPerc_ProcessF_Hit_07.wav,Percussion_59_(SC_308Hz).wav,Percussion,SC,308,1664.558,0.000,493.878,130.000,1,1.0,44100,5733,34442
ForestPerc_ProcessA_Hit_07.wav,Percussion_60_(SC_246Hz).wav,Percussion,SC,246,1311.202,0.000,209.524,130.000,1,1.0,44100,5733,34442
ForestPerc_ProcessE_Hit_04.wav,Percussion_61_(SC_236Hz).wav,Percussion,SC,236,854.580,0.000,140.680,130.000,1,1.0,44100,5733,34442
ForestPerc_ProcessA_Hit_03.wav,Percussion_62_(SC_200Hz).wav,Percussion,SC,200,1311.202,0.000,262.404,130.000,1,1.0,44100,5733,34442
ForestPerc_ProcessD_Hit_02.wav,Percussion_63_(SC_192Hz).wav,Percussion,SC,192,1239.501,0.000,275.374,130.000,1,1.0,44100,5733,34442
ForestPerc_ProcessF_Hit_11.wav,Percussion_64_(SC_176Hz).wav,Percussion,SC,176,1687.483,0.000,666.485,130.000,1,1.0,44100,5733,34442
ForestPerc_ProcessF_Hit_10.wav,Percussion_65_(SC_175Hz).wav,Percussion,SC,175,1687.483,0.000,771.247,130.000,1,1.0,44100,5733,34442
ForestPerc_ProcessF_Hit_01.wav,Percussion_66_(SC_171Hz).wav,Percussion,SC,171,1664.558,0.000,517.823,130.000,1,1.0,44100,5733,34442
ForestPerc_ProcessF_Hit_09.wav,Percussion_67_(SC_169Hz).wav,Percussion,SC,169,1664.558,0.000,419.048,130.000,1,1.0,44100,5733,34442
ForestPerc_ProcessA_Hit_01.wav,Percussion_68_(SC_150Hz).wav,Percussion,SC,150,1311.202,0.000,477.914,130.000,1,1.0,44100,5733,34442
ForestPerc_ProcessC_Hit_06.wav,Percussion_69_(SC_100Hz).wav,Percussion,SC,100,1509.456,0.000,426.032,130.000,1,1.0,44100,5733,34442
ForestPerc_ProcessE_Hit_02.wav,Percussion_70_(SC_67Hz).wav,Percussion,SC,67,854.580,0.000,181.587,130.000,1,1.0,44100,5733,34442
ForestPerc_ProcessC_Hit_03.wav,Percussion_71_(SC_61Hz).wav,Percussion,SC,61,1509.456,0.000,520.816,130.000,1,1.0,44100,5733,34442
ForestPerc_ProcessC_Hit_05.wav,Percussion_72_(SC_57Hz).wav,Percussion,SC,57,1509.456,0.000,516.825,130.000,1,1.0,44100,5733,34442
ForestPerc_ProcessC_Hit_04.wav,Percussion_73_(SC_51Hz).wav,Percussion,SC,51,1509.456,0.000,319.274,130.000,1,1.0,44100,5733,34442
ForestPerc_ProcessC_Hit_07.wav,Percussion_74_(SC_50Hz).wav,Percussion,SC,50,1509.456,0.000,319.274,130.000,1,1.0,44100,5733,34442
ForestPerc_ProcessC_Hit_02.wav,Percussion_75_(SC_43Hz).wav,Percussion,SC,43,1509.456,0.000,519.819,130.000,1,1.0,44100,5733,34442
ForestPerc_ProcessC_Hit_01.wav,Percussion_76_(SC_41Hz).wav,Percussion,SC,41,1509.456,0.000,302.313,130.000,1,1.0,44100,5733,34442
